id,customer,position,alt_customer,alt_position,status,product_name,photo_url,is_deleted
1000,Witte,36C č.,null,null,null,null,null,false
1001,Others,51E z.,null,null,null,null,null,false
1002,Witte,48B c.,null,null,null,null,null,false
1003,Others,49E b.,null,null,null,null,null,false
1004,Others,49E b.,null,null,null,null,null,false
1005,Others,51D z.,null,null,null,null,null,false
1006,Škoda,48A h.,null,null,null,null,null,false
1007,Witte,43D z.,null,null,null,null,null,false
1008,Witte,43D z.,null,null,null,null,null,false
1009,Witte,43D z.,null,null,null,null,null,false
1010,Witte,43D z.,null,null,null,null,null,false
1011,Others,45E m.,null,null,null,null,null,false
1012,Witte,36A m.,null,null,null,null,null,false
1013,Witte,36A m.,null,null,null,null,null,false
1014,Witte,36B m.,null,null,null,null,null,false
1015,Witte,36B m.,null,null,null,null,null,false
1016,Witte,36B m.,null,null,null,null,null,false
1017,Škoda,51B c.,null,null,,null,null,false
1018,Witte,51B c.,null,null,null,null,null,false
1019,Witte,Mezisklad,null,null,null,null,null,false
1020,Witte,49E h.,null,null,null,null,null,false
1021,Witte,49E c.,null,null,null,null,null,false
1022,Witte,49B z.,null,null,null,null,null,false
1023,Witte,49C z.,null,null,null,null,null,false
1024,Witte,43D z.,null,null,null,null,null,false
1025,Witte,43D z.,null,null,null,null,null,false
1026,Witte,Mezisklad,null,null,null,null,null,false
1027,Witte,Mezisklad,null,null,null,null,null,false
1028,Witte,Mezisklad,null,null,null,null,null,false
126,Scherdel,37C h.,null,null,null,null,null,false
127,Scherdel,37C h.,null,null,null,null,null,false
137,Mubea,51E c.,null,null,null,null,null,false
14,Novares,36A z.,null,null,,null,null,false
143,Witte,41C h.,null,null,null,null,null,false
15,Novares,36A z.,null,null,null,null,null,false
158,Others,44C z.,null,null,null,null,null,false
165,Mubea,51E b.,null,null,null,null,null,false
167,Others,44C h.,null,null,null,null,null,false
168,Others,44C h.,null,null,null,null,null,false
171,Scherdel,37C h.,null,null,null,null,null,false
175,Ideal,45C b.,null,null,null,null,null,false
178,Ideal,45B m.,null,null,null,null,null,false
180,Ideal,45B m.,null,null,null,null,null,false
182,Ideal,45C b.,null,null,null,null,null,false
184,Novares,40A c.,null,null,null,null,null,false
186,Novares,39C b.,null,null,null,null,null,false
187,Novares,40B z.,null,null,null,null,null,false
188,Novares,39B b.,null,null,null,null,null,false
191,Novares,39A m.,null,null,null,null,null,false
196,Novares,39A h.,null,null,null,null,null,false
20,Škoda,50A m.,null,null,null,null,null,false
208,Others,44C h.,null,null,null,null,null,false
209,Novares,39B b.,null,null,null,null,null,false
21,Škoda,49C b.,null,null,null,null,null,false
210,Novares,39B m.,null,null,null,null,null,false
212,Novares,39B h.,null,null,null,null,null,false
213,Novares,39B h.,null,null,null,null,null,false
22,Škoda,50A m.,null,null,null,null,null,false
221,Mubea,51E c.,null,null,null,null,null,false
225,Novares,39C b.,null,null,null,null,null,false
23,Škoda,51B b.,null,null,null,null,null,false
233,Witte,41B h.,null,null,null,null,null,false
237,Others,51C m.,null,null,null,null,null,false
239,Others,45D e.,null,null,null,null,null,false
24,Škoda,51C z.,null,null,null,null,null,false
242,Others,51E h.,null,null,null,null,null,false
243,Novares,39A h.,null,null,null,null,null,false
26,Novares,39B z.,null,null,null,null,null,false
264,Novares,40B m.,null,null,null,null,null,false
265,Novares,40C h.,null,null,null,null,null,false
267,Others,44C h.,null,null,null,null,null,false
270,Others,37B c.,null,null,null,null,null,false
271,Others,51C m.,null,null,null,null,null,false
276,Witte,41A m.,null,null,null,null,null,false
277,Witte,42A h.,null,null,null,null,null,false
278,Witte,41C c.,null,null,null,null,null,false
279,Witte,41C b.,null,null,null,null,null,false
28,Novares,36B z.,null,null,null,null,null,false
280,Witte,42A h.,null,null,null,null,null,false
281,Witte,41A h.,null,null,null,null,null,false
283,Others,44C b.,null,null,null,null,null,false
284,Witte,41A h.,null,null,null,null,null,false
285,Witte,41A h.,null,null,null,null,null,false
286,Witte,42B h.,null,null,null,null,null,false
287,Witte,41B h.,null,null,null,null,null,false
288,Witte,41B h.,null,null,null,null,null,false
289,Witte,41B b.,null,null,null,null,null,false
29,Witte,Mezisklad,null,null,null,null,null,false
290,Witte,42A h.,null,null,null,null,null,false
291,Witte,42A h.,null,null,null,null,null,false
292,Witte,42A h.,null,null,null,null,null,false
293,Witte,41B h.,null,null,null,null,null,false
294,Witte,41B h.,null,null,null,null,null,false
298,Witte,41B m.,null,null,null,null,null,false
299,Others,51E h.,null,null,null,null,null,false
30,Witte,Mezisklad,null,null,null,null,null,false
308,Witte,41B m.,null,null,null,null,null,false
309,Witte,41B m.,null,null,null,null,null,false
310,Witte,42A h.,null,null,null,null,null,false
311,Witte,41B m.,null,null,null,null,null,false
312,Witte,41C m.,null,null,null,null,null,false
318,Novares,39A m.,null,null,null,null,null,false
320,Novares,40A m.,null,null,null,null,null,false
321,Novares,39A h.,null,null,null,null,null,false
322,Novares,39B h.,null,null,null,null,null,false
323,Novares,39B h.,null,null,null,null,null,false
324,Novares,39A h.,null,null,null,null,null,false
327,Novares,39C h.,null,null,null,null,null,false
328,Novares,39B h.,null,null,null,null,null,false
329,Novares,39C h.,null,null,null,null,null,false
33,Witte,41C z.,null,null,null,null,null,false
330,Novares,39A h.,null,null,null,null,null,false
331,Novares,39C h.,null,null,null,null,null,false
332,Novares,39C h.,null,null,null,null,null,false
333,Novares,39B h.,null,null,null,null,null,false
334,Novares,40C h.,null,null,null,null,null,false
335,Novares,39B h.,null,null,null,null,null,false
336,Novares,39A h.,null,null,null,null,null,false
337,Novares,39A h.,null,null,null,null,null,false
338,Novares,39B b.,null,null,null,null,null,false
339,Novares,39A h.,null,null,null,null,null,false
34,Škoda,49D b.,null,null,null,null,null,false
342,Novares,39B h.,null,null,null,null,null,false
343,Witte,41B c.,null,null,null,null,null,false
347,Witte,41C m.,null,null,null,null,null,false
35,Others,Mezisklad,null,null,null,null,null,false
350,Witte,41C m.,null,null,null,null,null,false
351,Witte,41A m.,null,null,null,null,null,false
353,Witte,41A m.,null,null,null,null,null,false
356,Witte,41C m.,null,null,null,null,null,false
357,Novares,39A h.,null,null,null,null,null,false
36,Others,44B h.,null,null,null,null,null,false
360,Others,51E h.,null,null,null,null,null,false
361,Witte,41A h.,null,null,null,null,null,false
362,Witte,41B m.,null,null,null,null,null,false
363,Witte,41C b.,null,null,null,null,null,false
364,Witte,41A m.,null,null,null,null,null,false
368,Novares,40A m.,null,null,null,null,null,false
369,Novares,40A m.,null,null,null,null,null,false
370,Witte,43E b.,null,null,null,null,null,false
38,Others,44B h.,null,null,null,null,null,false
382,Scherdel,37C h.,null,null,null,null,null,false
383,Witte,41A m.,null,null,null,null,null,false
384,Novares,40B b.,null,null,null,null,null,false
385,Others,37A c.,null,null,null,null,null,false
388,AFSI,37B c.,null,null,null,null,null,false
389,Škoda,50B m.,null,null,null,null,null,false
39,Škoda,49E m.,null,null,null,null,null,false
390,Škoda,48A h.,null,null,null,null,null,false
391,Witte,42C c.,null,null,null,null,null,false
392,Witte,41B c.,null,null,null,null,null,false
395,Others,51E h.,null,null,null,null,null,false
397,Novares,40A b.,null,null,null,null,null,false
398,Witte,41B b.,null,null,null,null,null,false
399,Others,51E h.,null,null,null,null,null,false
40,Škoda,49E m.,null,null,null,null,null,false
400,Witte,41C c.,null,null,null,null,null,false
401,Witte,42B h.,null,null,null,null,null,false
402,Škoda,48B b.,null,null,null,null,null,false
403,Škoda,47A b.,null,null,null,null,null,false
404,Škoda,47A b.,null,null,null,null,null,false
405,Witte,41C z.,null,null,null,null,null,false
406,Witte,41C h.,null,null,null,null,null,false
407,Witte,41C c.,null,null,null,null,null,false
408,Novares,40A z.,null,null,null,null,null,false
41,Škoda,52B c.,null,null,null,null,null,false
410,Škoda,47B h.,null,null,null,null,null,false
411,Škoda,47B h.,null,null,null,null,null,false
412,Witte,41B c.,null,null,null,null,null,false
413,Scherdel,38B b.,null,null,null,null,null,false
414,Scherdel,38B b.,null,null,null,null,null,false
417,Witte,41B b.,null,null,null,null,null,false
418,Witte,43C m.,null,null,null,null,null,false
419,Witte,41A m.,null,null,null,null,null,false
42,Škoda,52B c.,null,null,null,null,null,false
420,Witte,41A h.,null,null,null,null,null,false
422,Others,44C b.,null,null,null,null,null,false
426,Škoda,47A h.,null,null,null,null,null,false
427,Škoda,47A h.,null,null,null,null,null,false
428,Škoda,47A h.,null,null,null,null,null,false
429,Witte,41A h.,null,null,null,null,null,false
43,Others,Mezisklad,null,null,null,null,null,false
431,Škoda,47B h.,null,null,null,null,null,false
432,Others,45C c.,null,null,null,null,null,false
434,Witte,41A c.,null,null,null,null,null,false
435,Witte,42B h.,null,null,null,null,null,false
438,Witte,41A h.,null,null,null,null,null,false
439,Others,37C h.,null,null,null,null,null,false
44,Witte,42A z.,null,null,null,null,null,false
440,Others,41A c.,null,null,null,null,null,false
441,Witte,41B b.,null,null,null,null,null,false
442,Others,44C z.,null,null,null,null,null,false
443,Others,44C z.,null,null,null,null,null,false
444,Others,44C b.,null,null,null,null,null,false
445,Others,44C b.,null,null,null,null,null,false
446,Witte,41A c.,null,null,null,null,null,false
452,Novares,40A b.,null,null,null,null,null,false
453,Novares,40A b.,null,null,null,null,null,false
454,Novares,40A h.,null,null,null,null,null,false
455,Novares,40A h.,null,null,null,null,null,false
456,Novares,40A h.,null,null,null,null,null,false
457,Novares,40B z.,null,null,null,null,null,false
458,Novares,40B b.,null,null,null,null,null,false
459,Novares,40B z.,null,null,null,null,null,false
460,Witte,42B z.,null,null,null,null,null,false
461,Others,37A c.,null,null,null,null,null,false
462,Witte,44B h.,null,null,null,null,null,false
463,Witte,43B c.,null,null,null,null,null,false
464,Witte,44A c.,null,null,null,null,null,false
465,Witte,44A c.,null,null,null,null,null,false
466,Witte,41C č.,null,null,null,null,null,false
469,Mubea,51E m.,null,null,null,null,null,false
470,Witte,43D b.,null,null,null,null,null,false
471,Witte,44B c.,null,null,null,null,null,false
472,Witte,43B c.,null,null,null,null,null,false
473,Witte,44A h.,null,null,null,null,null,false
474,Witte,43D c.,null,null,null,null,null,false
475,Witte,43D c.,null,null,null,null,null,false
476,Witte,40B h.,null,null,null,null,null,false
477,Witte,44A h.,null,null,null,null,null,false
478,Witte,43D b.,null,null,null,null,null,false
479,Witte,40B h.,null,null,null,null,null,false
48,Witte,49E z.,null,null,null,null,null,false
480,Witte,40B h.,null,null,null,null,null,false
481,Others,52A m.,null,null,null,null,null,false
482,Others,37A m.,null,null,null,null,null,false
483,Others,37A m.,null,null,null,null,null,false
484,Novares,40B c.,null,null,null,null,null,false
485,Novares,39B z.,null,null,null,null,null,false
486,Witte,44A h.,null,null,null,null,null,false
487,Others,51D c.,null,null,null,null,null,false
488,Novares,40B h.,null,null,null,null,null,false
489,Škoda,40A h.,null,null,null,null,null,false
49,Witte,44A c.,null,null,null,null,null,false
490,Škoda,40A h.,null,null,null,null,null,false
491,Novares,40A h.,null,null,null,null,null,false
492,Novares,40B h.,null,null,null,null,null,false
493,Novares,40A z.,null,null,null,null,null,false
494,Novares,40B z.,null,null,null,null,null,false
495,Others,47C c.,null,null,null,null,null,false
496,Novares,40B c.,null,null,null,null,null,false
497,Witte,44B c.,null,null,null,null,null,false
498,Witte,44C c.,null,null,null,null,null,false
50,Witte,43A b.,null,null,null,null,null,false
504,Others,44C b.,null,null,null,null,null,false
505,Škoda,47B z.,null,null,null,null,null,false
507,Škoda,48C z.,null,null,null,null,null,false
508,Škoda,47A z.,null,null,null,null,null,false
509,Škoda,49C m.,null,null,null,null,null,false
511,Škoda,47B b.,null,null,null,null,null,false
514,Witte,43E b.,null,null,null,null,null,false
518,Witte,41C b.,null,null,null,null,null,false
519,Scherdel,37B m.,null,null,null,null,null,false
52,Scherdel,38B m.,null,null,null,null,null,false
520,Novares,39C m.,null,null,null,null,null,false
521,Novares,44C b.,null,null,null,null,null,false
522,Novares,39C m.,null,null,null,null,null,false
523,Witte,42B h.,null,null,null,null,null,false
524,Scherdel,37B h.,Novares,39A h.,null,null,null,false
525,Novares,39C c.,null,null,null,null,null,false
526,Novares,39C c.,null,null,null,null,null,false
528,Novares,39C c.,null,null,null,null,null,false
530,Novares,39C c.,null,null,null,null,null,false
533,Witte,42B h.,null,null,null,null,null,false
534,Witte,41C h.,null,null,null,null,null,false
535,Novares,39C c.,null,null,null,null,null,false
536,Novares,39C c.,null,null,null,null,null,false
537,Novares,39C c.,null,null,null,null,null,false
538,Novares,39C c.,null,null,null,null,null,false
54,Witte,42A m.,null,null,null,null,null,false
541,Witte,41A b.,null,null,null,null,null,false
542,Witte,41B h.,null,null,null,null,null,false
543,Novares,39B h.,null,null,null,null,null,false
548,Scherdel,37A h.,null,null,null,null,null,false
549,Scherdel,38B b.,null,null,null,null,null,false
550,Witte,41A c.,null,null,null,null,null,false
551,Witte,42B c.,null,null,null,null,null,false
554,Witte,41C h.,null,null,null,null,null,false
556,Witte,41B b.,null,null,null,null,null,false
557,Scherdel,38C m.,null,null,null,null,null,false
558,Witte,41A b.,null,null,null,null,null,false
559,Scherdel,37C h.,null,null,null,null,null,false
569,Witte,41C b.,null,null,null,null,null,false
57,Novares,44A c.,null,null,null,null,null,false
570,Witte,42C c.,null,null,null,null,null,false
574,Novares,40B m.,null,null,null,null,null,false
575,Novares,40A m.,null,null,null,null,null,false
577,Witte,42B c.,null,null,null,null,null,false
578,Novares,39A c.,null,null,null,null,null,false
579,Novares,40B m.,null,null,null,null,null,false
580,Novares,39A c.,null,null,null,null,null,false
581,Novares,40A m.,null,null,null,null,null,false
582,Škoda,50C z.,null,null,null,null,null,false
583,Škoda,47A z.,null,null,null,null,null,false
584,Škoda,47A c.,null,null,null,null,null,false
586,Novares,40A c.,null,null,null,null,null,false
587,Ideal,45C c.,null,null,null,null,null,false
589,Novares,40A c.,null,null,null,null,null,false
59,Novares,40C č.,null,null,null,null,null,false
590,Škoda,48A b.,null,null,null,null,null,false
591,Škoda,48A b.,null,null,null,null,null,false
592,Škoda,48A b.,null,null,null,null,null,false
593,Škoda,48A b.,null,null,null,null,null,false
597,AFSI,37A č.,null,null,null,null,null,false
598,Scherdel,38A b.,null,null,null,null,null,false
599,Mubea,51E b.,null,null,null,null,null,false
600,Scherdel,38A b.,null,null,null,null,null,false
603,Witte,41A b.,null,null,null,null,null,false
604,Witte,41C m.,null,null,null,null,null,false
605,Škoda,50B z.,null,null,null,null,null,false
606,Škoda,48C c.,null,null,null,null,null,false
607,Škoda,49A z.,null,null,null,null,null,false
608,Škoda,52C c.,null,null,null,null,null,false
609,Adient,46A z.,null,null,null,null,null,false
610,Adient,46B z.,null,null,null,null,null,false
611,Adient,46C z.,null,null,null,null,null,false
612,Adient,46A c.,null,null,null,null,null,false
613,Adient,46C c.,null,null,null,null,null,false
614,Adient,45A b.,null,null,null,null,null,false
615,Adient,46A m.,null,null,null,null,null,false
616,Škoda,47C h.,null,null,null,null,null,false
617,Adient,45A z.,null,null,,null,null,false
618,Adient,46C m.,null,null,,null,null,false
619,Adient,46A m.,null,null,null,null,null,false
62,Others,44C h.,null,null,null,null,null,false
620,AFSI,38A z.,null,null,null,null,null,false
621,AFSI,38B z.,null,null,null,null,null,false
622,Witte,41A b.,null,null,null,null,null,false
624,Others,51C c.,null,null,null,null,null,false
625,Mubea,51E c.,null,null,null,null,null,false
626,Scherdel,38C m.,null,null,null,null,null,false
627,Novares,39C h.,null,null,null,null,null,false
628,Witte,42C m.,Novares,39C h.,null,null,null,false
629,Novares,39C z.,null,null,null,null,null,false
632,Novares,39C z.,null,null,null,null,null,false
633,Novares,39C z.,null,null,null,null,null,false
634,Škoda,48C b.,null,null,null,null,null,false
635,Mubea,51E c.,null,null,,null,null,false
636,Scherdel,38B m.,null,null,null,null,null,false
64,Škoda,48A b.,null,null,null,null,null,false
640,Scherdel,38C m.,null,null,null,null,null,false
641,Škoda,48C b.,null,null,null,null,null,false
642,Witte,41A c.,null,null,null,null,null,false
645,Škoda,47B z.,null,null,null,null,null,false
646,Škoda,48A z.,null,null,null,null,null,false
647,Škoda,48A z.,null,null,null,null,null,false
648,Škoda,49A m.,null,null,null,null,null,false
649,Škoda,49C h.,null,null,null,null,null,false
65,Škoda,48A b.,null,null,null,null,null,false
650,Škoda,51F c.,null,null,null,null,null,false
651,Škoda,48C m.,null,null,null,null,null,false
652,Škoda,48B z.,null,null,null,null,null,false
653,Škoda,48B z.,null,null,null,null,null,false
654,Škoda,48C m.,null,null,null,null,null,false
655,Škoda,49C m.,null,null,null,null,null,false
656,Škoda,47B c.,null,null,null,null,null,false
657,Škoda,48A m.,null,null,null,null,null,false
658,Škoda,49A č.,null,null,null,null,null,false
660,Škoda,48A m.,null,null,null,null,null,false
661,Škoda,49A c.,null,null,null,null,null,false
662,Škoda,47C m.,null,null,null,null,null,false
664,Škoda,47C m.,null,null,null,null,null,false
665,Škoda,47B m.,null,null,null,null,null,false
667,Scherdel,38C b.,Witte,42C b.,null,null,null,false
668,Scherdel,38C m.,null,null,null,null,null,false
669,Witte,43C m.,null,null,null,null,null,false
670,Witte,43A z.,null,null,null,null,null,false
671,Witte,42C b.,null,null,null,null,null,false
672,Witte,43A z.,null,null,null,null,null,false
677,Witte,42C b.,null,null,null,null,null,false
678,Witte,42A c.,null,null,null,null,null,false
679,Witte,42A c.,null,null,null,null,null,false
680,Witte,43A č.,null,null,null,null,null,false
681,Witte,43A z.,null,null,null,null,null,false
682,Witte,43C m.,null,null,null,null,null,false
683,Ideal,45B h.,null,null,null,null,null,false
684,Ideal,45C h.,null,null,null,null,null,false
685,Ideal,45B c.,null,null,null,null,null,false
686,Witte,43A c.,null,null,null,null,null,false
687,Witte,43A c.,null,null,null,null,null,false
688,Ideal,45B z.,null,null,null,null,null,false
689,Ideal,45C z.,null,null,null,null,null,false
691,Witte,43C z.,null,null,null,null,null,false
694,Witte,43B z.,null,null,null,null,null,false
697,Others,44C m.,null,null,null,null,null,false
698,Witte,42C m.,null,null,null,null,null,false
699,Witte,42C m.,null,null,null,null,null,false
70,Others,44C h.,null,null,null,null,null,false
700,Witte,42A m.,null,null,null,null,null,false
701,Witte,42A b.,null,null,null,null,null,false
703,Scherdel,38C m.,null,null,null,null,null,false
706,Novares,39B m.,null,null,null,null,null,false
710,Novares,39B m.,null,null,null,null,null,false
711,Novares,39B m.,null,null,null,null,null,false
714,Novares,39C z.,null,null,null,null,null,false
715,Novares,39A b.,null,null,null,null,null,false
718,Witte,42B m.,null,null,null,null,null,false
719,Witte,42B m.,null,null,null,null,null,false
722,Witte,43B m.,null,null,null,null,null,false
723,Witte,42B m.,null,null,null,null,null,false
724,Witte,43C c.,null,null,null,null,null,false
725,Witte,43C c.,null,null,null,null,null,false
727,Witte,42B m.,null,null,null,null,null,false
728,Witte,42A b.,null,null,null,null,null,false
729,Witte,42A b.,null,null,null,null,null,false
730,Witte,43A m.,null,null,null,null,null,false
731,Witte,41C z.,null,null,null,null,null,false
732,Witte,43A z.,null,null,null,null,null,false
733,Witte,43A m.,null,null,null,null,null,false
734,Witte,43B z.,null,null,null,null,null,false
735,Witte,43C z.,null,null,null,null,null,false
736,Ideal,45B b.,null,null,null,null,null,false
737,Ideal,45B c.,null,null,null,null,null,false
738,Scherdel,37B m.,null,null,null,null,null,false
739,AFSI,37B z.,null,null,null,null,null,false
740,Škoda,47B c.,null,null,null,null,null,false
741,Škoda,49D h.,null,null,null,null,null,false
742,Škoda,47C m.,null,null,null,null,null,false
745,Witte,42A z.,null,null,null,null,null,false
746,Škoda,51C c.,null,null,null,null,null,false
747,Škoda,52A c.,null,null,null,null,null,false
748,Škoda,49B m.,null,null,null,null,null,false
749,Škoda,49B m.,null,null,null,null,null,false
750,Škoda,51G c.,null,null,null,null,null,false
751,Škoda,52C z.,null,null,,null,null,false
752,Škoda,52B z.,null,null,null,null,null,false
753,Škoda,52C z.,null,null,,null,null,false
754,Škoda,51A c.,null,null,null,null,null,false
755,Škoda,50A z.,null,null,null,null,null,false
756,Škoda,50A z.,null,null,null,null,null,false
757,Škoda,50B z.,null,null,null,null,null,false
758,Others,44B m.,null,null,null,null,null,false
76,Others,44C m.,null,null,null,null,null,false
761,Škoda,48A c.,null,null,null,null,null,false
762,Škoda,47C b.,null,null,null,null,null,false
763,Scherdel,38C b.,null,null,null,null,null,false
764,Škoda,48B b.,null,null,null,null,null,false
765,Škoda,48B m.,null,null,null,null,null,false
766,Škoda,49A m.,null,null,null,null,null,false
767,Scherdel,37B m.,null,null,null,null,null,false
768,Scherdel,37A b.,null,null,null,null,null,false
769,Scherdel,38A c.,null,null,null,null,null,false
770,Scherdel,38B c.,null,null,null,null,null,false
771,Scherdel,38B c.,null,null,null,null,null,false
772,Scherdel,38C c.,null,null,null,null,null,false
773,Scherdel,38C c.,null,null,null,null,null,false
776,Scherdel,38A b.,null,null,null,null,null,false
78,Ideal,45C b.,null,null,null,null,null,false
786,Others,38A c.,null,null,null,null,null,false
787,Others,37B c.,null,null,null,null,null,false
788,Scherdel,38C c.,null,null,null,null,null,false
795,Witte,44A m.,null,null,null,null,null,false
799,Witte,44A m.,null,null,null,null,null,false
80,Ideal,45B m.,null,null,null,null,null,false
800,Witte,44B m.,null,null,null,null,null,false
803,Witte,43B h.,null,null,null,null,null,false
804,Witte,43A h.,null,null,null,null,null,false
805,Witte,43C h.,null,null,null,null,null,false
806,Witte,43A h.,null,null,null,null,null,false
807,AFSI,36B z.,null,null,null,null,null,false
808,Witte,43C b.,null,null,null,null,null,false
809,Witte,43A h.,null,null,null,null,null,false
81,Ideal,44B m.,null,null,null,null,null,false
810,Scherdel,38A m.,null,null,null,null,null,false
811,Witte,44A b.,null,null,null,null,null,false
812,Witte,44B b.,null,null,null,null,null,false
813,Scherdel,38C c.,null,null,null,null,null,false
814,Others,44A z.,null,null,null,null,null,false
815,Witte,42C z.,null,null,null,null,null,false
816,Škoda,50C b.,null,null,null,null,null,false
817,Škoda,50C b.,null,null,null,null,null,false
818,Škoda,50C b.,null,null,null,null,null,false
819,Škoda,47C z.,null,null,null,null,null,false
82,Ideal,44B m.,null,null,null,null,null,false
820,Škoda,49D m.,null,null,null,null,null,false
821,Škoda,47C z.,null,null,null,null,null,false
822,Škoda,51A b.,null,null,null,null,null,false
823,Škoda,50C c.,null,null,null,null,null,false
824,Škoda,50B c.,null,null,null,null,null,false
825,Škoda,50C c.,null,null,null,null,null,false
826,Witte,42C z.,null,null,null,null,null,false
828,Others,44B z.,null,null,null,null,null,false
829,Witte,43C h.,null,null,null,null,null,false
83,Ideal,45B c.,null,null,null,null,null,false
830,Witte,41C z.,null,null,null,null,null,false
831,Witte,41C z.,null,null,null,null,null,false
832,Others,51D č.,null,null,,null,null,false
833,Witte,44A h.,null,null,null,null,null,false
834,Witte,44C c.,null,null,null,null,null,false
835,Others,49D c.,null,null,null,null,null,false
836,Others,49E c.,null,null,null,null,null,false
837,Others,37B m.,null,null,null,null,null,false
839,Others,45D č.,null,null,null,null,null,false
840,Others,47E z.,null,null,null,null,null,false
841,Others,45D č.,null,null,null,null,null,false
842,Others,45D č.,null,null,null,null,null,false
843,Others,47E z.,null,null,null,null,null,false
844,Others,39A z.,null,null,,null,null,false
845,Witte,41A z.,null,null,null,null,null,false
846,Witte,43D b.,null,null,null,null,null,false
847,Others,45D z.,null,null,null,null,null,false
848,Others,37A m.,null,null,null,null,null,false
849,Witte,41C m.,null,null,null,null,null,false
850,Witte,44A č.,null,null,null,null,null,false
851,Others,44B z.,null,null,null,null,null,false
853,Novares,36C c.,null,null,null,null,null,false
854,Others,45E z.,null,null,,null,null,false
857,Witte,41C c.,null,null,null,null,null,false
858,Novares,39A m.,null,null,null,null,null,false
859,Novares,39A m.,null,null,null,null,null,false
860,Others,45E č.,null,null,null,null,null,false
861,Others,45E č.,null,null,null,null,null,false
862,Novares,39C z.,null,null,null,null,null,false
864,Witte,43D b.,null,null,null,null,null,false
865,Witte,44C c.,null,null,null,null,null,false
866,Witte,44C c.,null,null,null,null,null,false
867,Witte,42C b.,null,null,null,null,null,false
869,Witte,41C z.,null,null,null,null,null,false
870,Witte,44B c.,null,null,null,null,null,false
871,Witte,44A h.,null,null,null,null,null,false
874,Witte,43E m.,null,null,null,null,null,false
875,Witte,43E m.,null,null,null,null,null,false
876,Others,38A m.,null,null,null,null,null,false
877,Others,45D m.,null,null,null,null,null,false
878,Others,45D m.,null,null,null,null,null,false
879,Others,47D z.,null,null,null,null,null,false
880,Others,45D m.,null,null,null,null,null,false
881,Others,45D z.,null,null,null,null,null,false
882,Others,47D z.,null,null,null,null,null,false
884,Novares,39C z.,null,null,null,null,null,false
886,Others,Mezisklad,null,null,null,null,null,false
887,Others,Mezisklad,null,null,null,null,null,false
889,Novares,49E z.,null,null,null,null,null,false
893,Novares,49C z.,null,null,null,null,null,false
894,Novares,39H z.,null,null,null,null,null,false
895,Novares,39H z.,null,null,null,null,null,false
897,Witte,42C b.,null,null,null,null,null,false
898,Others,50C z.,null,null,null,null,null,false
899,Others,36C b.,null,null,null,null,null,false
900,Others,40C z.,null,null,null,null,null,false
901,Others,36C b.,null,null,null,null,null,false
902,Others,40C z.,null,null,null,null,null,false
903,Witte,43D z.,null,null,null,null,null,false
904,Witte,43D z.,null,null,null,null,null,false
905,Witte,43E č.,null,null,null,null,null,false
906,Witte,43E č.,null,null,null,null,null,false
907,Witte,43E c.,null,null,null,null,null,false
908,Witte,43D č.,null,null,null,null,null,false
909,Witte,42A z.,null,null,null,null,null,false
914,Others,37A m.,null,null,,null,null,false
915,Scherdel,38C b.,null,null,null,null,null,false
916,Novares,36C m.,null,null,null,null,null,false
917,Novares,36C m.,null,null,null,null,null,false
918,Witte,41B z.,null,null,null,null,null,false
919,Witte,43D h.,null,null,null,null,null,false
921,Witte,43D m.,null,null,null,null,null,false
922,Others,50C z.,null,null,null,null,null,false
923,Witte,36A z.,null,null,null,null,null,false
924,Witte,43D z.,null,null,null,null,null,false
926,Others,45E z.,null,null,null,null,null,false
927,Witte,43D m.,null,null,null,null,null,false
928,Witte,42A b.,null,null,null,null,null,false
929,Witte,47D m.,null,null,null,null,null,false
930,Witte,47D m.,null,null,null,null,null,false
931,Witte,47D m.,null,null,null,null,null,false
932,Others,47E m.,null,null,null,null,null,false
933,Witte,42C h.,null,null,null,null,null,false
934,Witte,42C h.,null,null,null,null,null,false
935,Witte,41A z.,null,null,null,null,null,false
936,Witte,41C h.,null,null,null,null,null,false
937,Witte,41B z.,null,null,null,null,null,false
938,Witte,47D č.,null,null,null,null,null,false
939,Witte,47D č.,null,null,null,null,null,false
940,Witte,43D h.,null,null,null,null,null,false
941,Novares,40C č.,null,null,null,null,null,false
942,Novares,36C m.,null,null,null,null,null,false
944,Novares,40C č.,null,null,null,null,null,false
945,Novares,40C m.,null,null,null,null,null,false
946,Novares,40C m.,null,null,null,null,null,false
947,Novares,40C m.,null,null,null,null,null,false
948,Škoda,47G h.,null,null,null,null,null,false
949,Others,45E b.,null,null,null,null,null,false
950,Others,45E c.,null,null,null,null,null,false
951,Witte,42B b.,null,null,null,null,null,false
952,Witte,42B b.,null,null,null,null,null,false
953,Witte,36B m.,null,null,null,null,null,false
954,Witte,36B m.,null,null,null,null,null,false
955,Witte,36B m.,null,null,null,null,null,false
956,Others,45F c.,null,null,null,null,null,false
957,Others,45G c.,null,null,null,null,null,false
958,Witte,51D z.,null,null,null,null,null,false
959,Novares,40C z.,null,null,null,null,null,false
960,Novares,40C z.,null,null,null,null,null,false
961,Škoda,48A c.,null,null,null,null,null,false
962,Škoda,48A č.,null,null,null,null,null,false
963,Škoda,48A č.,null,null,null,null,null,false
964,Škoda,51B m.,null,null,null,null,null,false
965,Škoda,51C m.,null,null,null,null,null,false
966,Škoda,51A m.,null,null,null,null,null,false
967,Škoda,51A m.,null,null,null,null,null,false
968,Witte,43B m.,null,null,null,null,null,false
969,Škoda,49D z.,null,null,null,null,null,false
970,Witte,Mezisklad,null,null,null,null,null,false
971,Witte,Mezisklad,null,null,null,null,null,false
972,Witte,Mezisklad,null,null,null,null,null,false
973,Witte,Mezisklad,null,null,null,null,null,false
974,Witte,Mezisklad,null,null,null,null,null,false
975,Witte,Mezisklad,null,null,null,null,null,false
976,Witte,Mezisklad,null,null,null,null,null,false
977,Witte,36A c.,null,null,null,null,null,false
978,Witte,36A c.,null,null,null,null,null,false
979,Witte,43E h.,null,null,null,null,null,false
981,Witte,36A c.,null,null,null,null,null,false
982,Witte,47E č.,null,null,null,null,null,false
983,Witte,36B b.,null,null,null,null,null,false
984,Witte,43E h.,null,null,null,null,null,false
985,Witte,43E h.,null,null,null,null,null,false
986,Witte,36B b.,null,null,null,null,null,false
987,Witte,36A c.,null,null,null,null,null,false
988,Witte,47E č.,null,null,null,null,null,false
989,Witte,36B b.,null,null,null,null,null,false
990,Witte,47E č.,null,null,null,null,null,false
991,Witte,36A c.,null,null,null,null,null,false
992,Witte,36B b.,null,null,null,null,null,false
993,Witte,36A m.,null,null,null,null,null,false
994,Witte,36B m.,null,null,null,null,null,false
995,Witte,36B m.,null,null,null,null,null,false
996,Witte,36A č.,null,null,null,null,null,false
997,Witte,36B c.,null,null,null,null,null,false
998,Witte,36B c.,null,null,null,null,null,false
999,Witte,36C č.,null,null,null,null,null,false